{"chain":0,"acceptance":0.2553,"divergences":1,"eps":0.151549,"mass":[1.393879,2.038233,2.841655,0.219245],"n":1000}