{"chain":3,"acceptance":0.5807,"divergences":0,"eps":0.142995,"mass":[1.434408,1.438799,2.414903,0.421852],"n":1000}