{"chain":1,"acceptance":0.4943,"divergences":0,"eps":0.147894,"mass":[1.994171,1.993592,2.722613,0.352933],"n":1000}