{"chain":2,"acceptance":0.4640,"divergences":0,"eps":0.146273,"mass":[1.975295,1.976089,2.941806,0.333863],"n":1000}