{"chains":[{"chain":0,"acceptance":0.2553,"divergences":1,"eps":0.151549,"mass":[1.393879,2.038233,2.841655,0.219245],"n":1000},{"chain":1,"acceptance":0.4943,"divergences":0,"eps":0.147894,"mass":[1.994171,1.993592,2.722613,0.352933],"n":1000},{"chain":2,"acceptance":0.4640,"divergences":0,"eps":0.146273,"mass":[1.975295,1.976089,2.941806,0.333863],"n":1000},{"chain":3,"acceptance":0.5807,"divergences":0,"eps":0.142995,"mass":[1.434408,1.438799,2.414903,0.421852],"n":1000}],"diagnostics":{"rHatS":1.0008,"rHatN":0.9998,"rHatAlpha":1.0002,"rHatBeta":1.0013,"essS":2873.8,"essN":2737.2,"essAlpha":2737.1,"essBeta":2203.6}}