{"simulation_parameters":{"initial_headlines":100.0,"delta_t":0.1,"time_steps":5},"actual_coverage":[100.0,108.60214573048876,118.07364284961189,128.50035111386737,139.812944773948,152.20528841297298],"reconstructed_coverage":[100.0,108.60214573048876,118.07364284961189,128.50035111386737,139.812944773948,152.20528841297298],"extracted_k4_values":[84.685574307878,93.0825582057397,103.07447671511179,113.50622974259278,124.15789488606708],"mean_absolute_error":0.0,"reconstruction_accuracy":100.0}