{"relationships":{"authenticity_evidence":-0.9486770373196339,"verification_consistency":0.6,"virality_risk":-0.9672471299049062},"recoveredParameters":{"S":0.5070,"N":0.5110,"alpha":0.4141,"beta":1.8926},"confidence":NaN,"structureConfidence":0.5128804630249489}