source,target,weight
author1,author2,0.985099960759462
author1,author3,0.9845294099457906
author1,author4,0.9859687040498678
author2,author3,0.9827103974063638
author2,author4,0.9855862914432113
author3,author4,0.989702415669149
