scenario_id,alpha,S,N,R_cog,R_eff,K_hat_numerical,L_hat_numerical,final_value,convergence_rate,K_theoretical
1,0.5,0.7,0.8,0.1,0.1,0.2936320948162935,0.2936320948162935,1,0.0,0.3625
2,0.2,0.6,0.9,0.05,0.08,0.0,0.0,1,0.0,0.3625
3,0.8,0.85,0.7,0.15,0.12,0.23824086442501602,0.23824086442501602,1,0.0,0.3625
4,0.3,0.5,0.6,0.2,0.18,0.3433888227171251,0.3433888227171251,0.841810756945927,1.192861268950611,0.3625
