{"chain":0,"acceptance":0.2783,"divergences":0,"eps":0.194947,"mass":[2.203978,1.982871,1.261475,0.272383],"n":300}