{"chain":1,"acceptance":0.6817,"divergences":0,"eps":0.192366,"mass":[2.528987,1.966325,2.040278,0.650220],"n":300}