{"chain":1,"acceptance":0.3200,"divergences":0,"eps":0.196483,"mass":[2.237574,0.615886,2.689006,0.208236],"n":34}