{"chain":0,"acceptance":0.4700,"divergences":0,"eps":0.196934,"mass":[0.684647,1.435167,1.327819,0.285879],"n":34}