{"chains":[{"chain":0,"acceptance":0.2783,"divergences":0,"eps":0.194947,"mass":[2.203978,1.982871,1.261475,0.272383],"n":300},{"chain":1,"acceptance":0.6817,"divergences":0,"eps":0.192366,"mass":[2.528987,1.966325,2.040278,0.650220],"n":300}],"diagnostics":{"rHatS":1.0211,"rHatN":1.0386,"rHatAlpha":0.9985,"rHatBeta":0.9984,"essS":70.6,"essN":167.6,"essAlpha":161.2,"essBeta":165.3}}