{"chains":[{"chain":0,"acceptance":0.4700,"divergences":0,"eps":0.196934,"mass":[0.684647,1.435167,1.327819,0.285879],"n":34},{"chain":1,"acceptance":0.3200,"divergences":0,"eps":0.196483,"mass":[2.237574,0.615886,2.689006,0.208236],"n":34}],"diagnostics":{"rHatS":0.9857,"rHatN":1.0043,"rHatAlpha":0.9980,"rHatBeta":0.9867,"essS":50.4,"essN":35.9,"essAlpha":62.7,"essBeta":35.4}}