{
  "pairwise_distances": {
    "developing_mature": {
      "total_distance": 14.629028172153191,
      "temporal_component": 6.149334677106507,
      "symbolic_component": 22.31954373013129,
      "neural_component": 7.426820553937443,
      "cross_modal_component": 0.009999999999999981,
      "contemplative_component": 0.47,
      "metric_properties_verified": {
        "non_negative": "True",
        "finite": "True",
        "symmetric_by_construction": true,
        "triangle_inequality_satisfied": true
      }
    },
    "developing_rapture": {
      "total_distance": 55.3190918079629,
      "temporal_component": 41.03972582150243,
      "symbolic_component": 53.783371565006355,
      "neural_component": 42.69605087101926,
      "cross_modal_component": 0.05400000000000002,
      "contemplative_component": 0.45,
      "metric_properties_verified": {
        "non_negative": "True",
        "finite": "True",
        "symmetric_by_construction": true,
        "triangle_inequality_satisfied": true
      }
    },
    "mature_rapture": {
      "total_distance": 30.644572208751587,
      "temporal_component": 22.90470247598024,
      "symbolic_component": 32.55737414261866,
      "neural_component": 21.235223617820097,
      "cross_modal_component": 0.06300000000000006,
      "contemplative_component": 0.4,
      "metric_properties_verified": {
        "non_negative": "True",
        "finite": "True",
        "symmetric_by_construction": true,
        "triangle_inequality_satisfied": true
      }
    }
  },
  "progression_analysis": {
    "consecutive_distances": [
      14.78606353993074,
      10.798703770795454,
      8.383771535137438,
      11.569141423858929,
      53.6992047795867,
      62.91801808108002,
      88.97787733579115,
      59.796247431423794,
      70.6768835449365,
      80.71657995734782,
      68.74812954482022,
      41.48817386749481,
      6.622058227281565,
      4.516631049002813,
      3.0964586670039997,
      7.03284168594268,
      6.723489452963971,
      7.519208807193511,
      6.992760040426555
    ],
    "impermanence_progression": [
      0.3,
      0.3,
      0.3,
      0.3,
      0.3,
      0.9,
      0.9,
      0.9,
      0.9,
      0.9,
      0.9,
      0.9,
      0.8,
      0.8,
      0.8,
      0.8,
      0.8,
      0.8,
      0.8,
      0.8
    ],
    "arising_progression": [
      0.4,
      0.4,
      0.4,
      0.4,
      0.4,
      0.9,
      0.9,
      0.9,
      0.9,
      0.9,
      0.9,
      0.9,
      0.6,
      0.6,
      0.6,
      0.6,
      0.6,
      0.6,
      0.6,
      0.6
    ],
    "passing_progression": [
      0.3,
      0.3,
      0.3,
      0.3,
      0.3,
      0.2,
      0.2,
      0.2,
      0.2,
      0.2,
      0.2,
      0.2,
      0.6,
      0.6,
      0.6,
      0.6,
      0.6,
      0.6,
      0.6,
      0.6
    ],
    "observer_progression": [
      0.5,
      0.5,
      0.5,
      0.5,
      0.5,
      0.4,
      0.4,
      0.4,
      0.4,
      0.4,
      0.4,
      0.4,
      0.9,
      0.9,
      0.9,
      0.9,
      0.9,
      0.9,
      0.9,
      0.9
    ],
    "stage_four_indicators": [
      0.36,
      0.36,
      0.36,
      0.36,
      0.36,
      0.54,
      0.54,
      0.54,
      0.54,
      0.54,
      0.54,
      0.54,
      0.77,
      0.77,
      0.77,
      0.77,
      0.77,
      0.77,
      0.77,
      0.77
    ],
    "final_stage_four_score": 0.77,
    "overfitting_rapture_detected": "False",
    "meditation_maturity": 0.77,
    "contemplative_insight_quality": "empirically_grounded"
  },
  "trajectory_analysis": {
    "trajectory_distance": 24.72091235553121,
    "distance_variance": 489.4086575138534,
    "pairwise_distances": [
      19.429967870782477,
      13.52925368897558,
      22.28803152529546,
      15.670690260643752,
      13.234406608089657,
      52.71770415374613,
      37.08902858884709,
      70.20037532741928,
      55.33237811680799,
      63.58933891152149,
      42.16402929057756,
      48.18043901491227,
      3.905229398465407,
      7.020801889519111,
      3.5594750753777964,
      5.533997191369033,
      5.702758150607041,
      3.1421071637026516,
      9.346077547888665,
      2.7821573360757528
    ],
    "distance_gradients": [
      -5.900714181806897,
      1.429031827256491,
      1.0707182858340865,
      -4.526812458602901,
      18.52350694655119,
      11.927310990378718,
      8.741335586836573,
      9.121674763980447,
      -3.3055182079488965,
      -6.584174413115214,
      -7.70444994830461,
      -19.129399946056076,
      -20.579818562696577,
      -0.1728771615438054,
      -0.7434023490750392,
      1.0716415376146222,
      -1.1959450138331906,
      1.8216596986408122,
      -0.17997491381344943,
      -6.5639202118129125
    ],
    "impermanence_of_distance": 6.514694350285126,
    "trajectory_length": 20
  },
  "metric_weights": {
    "temporal": 0.3,
    "symbolic": 0.4,
    "neural": 0.5,
    "cross_modal": 0.2
  },
  "visualization_path": "outputs/cognitive_memory_metric_analysis.png",
  "timestamp": "2025-08-15T11:03:37.559626"
}