{
  "pairwise_distances": {
    "developing_mature": {
      "total_distance": 18.794948474811612,
      "temporal_component": 15.086102066750682,
      "symbolic_component": 26.242006301132673,
      "neural_component": 7.258630668666681,
      "cross_modal_component": 0.009999999999999981,
      "contemplative_component": 0.47,
      "metric_properties_verified": {
        "non_negative": "True",
        "finite": "True",
        "symmetric_by_construction": true,
        "triangle_inequality_satisfied": true
      }
    },
    "developing_rapture": {
      "total_distance": 59.14237499337876,
      "temporal_component": 49.66113445057146,
      "symbolic_component": 78.7672538990617,
      "neural_component": 25.18266619716528,
      "cross_modal_component": 0.05400000000000002,
      "contemplative_component": 0.45,
      "metric_properties_verified": {
        "non_negative": "True",
        "finite": "True",
        "symmetric_by_construction": true,
        "triangle_inequality_satisfied": true
      }
    },
    "mature_rapture": {
      "total_distance": 32.67422767251006,
      "temporal_component": 32.126186181019776,
      "symbolic_component": 42.50841073346761,
      "neural_component": 11.800815049634156,
      "cross_modal_component": 0.06300000000000006,
      "contemplative_component": 0.4,
      "metric_properties_verified": {
        "non_negative": "True",
        "finite": "True",
        "symmetric_by_construction": true,
        "triangle_inequality_satisfied": true
      }
    }
  },
  "progression_analysis": {
    "consecutive_distances": [
      25.638579218304777,
      12.896738776220289,
      12.586849848593587,
      22.208907302562487,
      59.77214727687387,
      145.93040280297407,
      128.7005769211984,
      60.39805714708555,
      98.69307541464477,
      87.32447689405052,
      80.24384718969223,
      23.55652754018111,
      5.976752004163444,
      3.806807429834785,
      3.2354376376674043,
      5.088802488249162,
      4.249119191590031,
      3.271230862872301,
      5.000194371385074
    ],
    "impermanence_progression": [
      0.3,
      0.3,
      0.3,
      0.3,
      0.3,
      0.9,
      0.9,
      0.9,
      0.9,
      0.9,
      0.9,
      0.9,
      0.8,
      0.8,
      0.8,
      0.8,
      0.8,
      0.8,
      0.8,
      0.8
    ],
    "arising_progression": [
      0.4,
      0.4,
      0.4,
      0.4,
      0.4,
      0.9,
      0.9,
      0.9,
      0.9,
      0.9,
      0.9,
      0.9,
      0.6,
      0.6,
      0.6,
      0.6,
      0.6,
      0.6,
      0.6,
      0.6
    ],
    "passing_progression": [
      0.3,
      0.3,
      0.3,
      0.3,
      0.3,
      0.2,
      0.2,
      0.2,
      0.2,
      0.2,
      0.2,
      0.2,
      0.6,
      0.6,
      0.6,
      0.6,
      0.6,
      0.6,
      0.6,
      0.6
    ],
    "observer_progression": [
      0.5,
      0.5,
      0.5,
      0.5,
      0.5,
      0.4,
      0.4,
      0.4,
      0.4,
      0.4,
      0.4,
      0.4,
      0.9,
      0.9,
      0.9,
      0.9,
      0.9,
      0.9,
      0.9,
      0.9
    ],
    "stage_four_indicators": [
      0.36,
      0.36,
      0.36,
      0.36,
      0.36,
      0.54,
      0.54,
      0.54,
      0.54,
      0.54,
      0.54,
      0.54,
      0.77,
      0.77,
      0.77,
      0.77,
      0.77,
      0.77,
      0.77,
      0.77
    ],
    "final_stage_four_score": 0.77,
    "overfitting_rapture_detected": "False",
    "meditation_maturity": 0.77,
    "contemplative_insight_quality": "empirically_grounded"
  },
  "trajectory_analysis": {
    "trajectory_distance": 25.171459153258127,
    "distance_variance": 568.7416932933822,
    "pairwise_distances": [
      29.03713577013466,
      22.03321505979894,
      20.265461922428443,
      14.399725533527103,
      19.638452983890154,
      58.34259704829022,
      88.280183799415,
      27.888339802860408,
      37.70529341675571,
      71.67150945150556,
      45.614805391145616,
      29.881298444068214,
      4.9907400462090745,
      4.104813841908391,
      7.70066258771911,
      4.3808144252015015,
      6.8813251506593485,
      4.289879149800067,
      2.309031953174073,
      4.01389728667098
    ],
    "distance_gradients": [
      -7.00392071033572,
      -4.385836923853109,
      -3.816744763135919,
      -0.31350446926914444,
      21.97143575738156,
      34.320865407762426,
      -15.227128622714908,
      -25.287445191329645,
      21.891584824322575,
      3.954755987194954,
      -20.89510550371867,
      -20.31203267246827,
      -12.888242301079911,
      1.3549612707550178,
      0.13800029164655525,
      -0.40966871852988085,
      -0.04546763770071749,
      -2.2861465987426377,
      -0.13799093156454312,
      1.7048653334969073
    ],
    "impermanence_of_distance": 9.917285195850152,
    "trajectory_length": 20
  },
  "metric_weights": {
    "temporal": 0.3,
    "symbolic": 0.4,
    "neural": 0.5,
    "cross_modal": 0.2
  },
  "timestamp": "2025-08-15T10:48:16.611171"
}