{
  "timestamp": "2025-08-15T10:06:25.109545",
  "test_cases": [
    {
      "psi": 0.6314668629006732,
      "S": 0.8092019000520907,
      "N": 0.8587785252292474,
      "alpha": 0.11920292202211755,
      "hybrid": 0.852868846644135,
      "R_cog": 0.125,
      "R_eff": 0.07027325540540823,
      "reg_term": 0.8946539228635811,
      "prob_term": 0.8275862068965518,
      "description": "Early time, low complexity"
    },
    {
      "psi": 0.4881750231987192,
      "S": 0.7,
      "N": 0.7000000000000001,
      "alpha": 0.5,
      "hybrid": 0.7,
      "R_cog": 0.2,
      "R_eff": 0.08465735902799726,
      "reg_term": 0.8426830757596937,
      "prob_term": 0.8275862068965518,
      "description": "Standard case"
    },
    {
      "psi": 0.5520741025495048,
      "S": 0.8687131069919539,
      "N": 0.8951056516295155,
      "alpha": 0.8807970779778823,
      "hybrid": 0.8718591754323505,
      "R_cog": 0.325,
      "R_eff": 0.09581453659370776,
      "reg_term": 0.7651345072440688,
      "prob_term": 0.8275862068965518,
      "description": "Late time, high complexity"
    },
    {
      "psi": 0.44694828349505844,
      "S": 0.7824429495415053,
      "N": 0.8309016994374947,
      "alpha": 0.5000000000000001,
      "hybrid": 0.8066723244895,
      "R_cog": 0.5,
      "R_eff": 0.1049306144334055,
      "reg_term": 0.6694942826568053,
      "prob_term": 0.8275862068965518,
      "description": "Very late time, maximum complexity"
    }
  ],
  "collaboration_scenarios": {
    "open_source": {
      "psi": 0.4881750231987192,
      "S": 0.7,
      "N": 0.7000000000000001,
      "alpha": 0.5,
      "hybrid": 0.7,
      "R_cog": 0.2,
      "R_eff": 0.08465735902799726,
      "reg_term": 0.8426830757596937,
      "prob_term": 0.8275862068965518
    },
    "potential_benefits": {
      "psi": 0.50831957152118,
      "S": 0.7458973514448421,
      "N": 0.7812618685414275,
      "alpha": 0.7641504342227362,
      "hybrid": 0.7542380574459944,
      "R_cog": 0.244,
      "R_eff": 0.08942286801821352,
      "reg_term": 0.8143575840426734,
      "prob_term": 0.8275862068965518
    },
    "hypothetical_collaboration": {
      "psi": 0.5520741025495048,
      "S": 0.8687131069919539,
      "N": 0.8951056516295155,
      "alpha": 0.8807970779778823,
      "hybrid": 0.8718591754323505,
      "R_cog": 0.325,
      "R_eff": 0.09581453659370776,
      "reg_term": 0.7651345072440688,
      "prob_term": 0.8275862068965518
    }
  }
}