{
  "theorem_validation": {
    "theorem_validation": {
      "expected_confidence": 0.7643820729328481,
      "expected_error": 0.010000010000000002,
      "theorem_satisfied": "False",
      "confidence_lower_bound": 0.98999999,
      "actual_vs_bound_ratio": 0.7721023318702419
    },
    "stability_metrics": {
      "confidence_stability": 0.9932090843593339,
      "error_consistency": 0.9999999999999998,
      "contemplative_progression": 0.00017245075829826323
    },
    "contemplative_analysis": {
      "final_contemplative_score": 0.8666266557601726,
      "contemplative_improvement": 0.016678776457894173,
      "peak_contemplative_score": 0.8666266557601726
    }
  },
  "trajectory_length": 100,
  "cognitive_distances": [
    0.6820662360777244,
    0.7808980069633114,
    0.54953686916054,
    0.8043664754083404,
    0.4022974669127735,
    0.4640169329487792,
    0.4979626805972355,
    0.0578754170914512,
    0.29211985954950126,
    0.0724653727065548,
    0.2271415359265969,
    1.1168931729500737,
    0.6837212570285689,
    0.43847133681509387,
    0.747448461405668,
    0.5986740685476637,
    0.05983841308914284,
    0.2681720017937717,
    0.6892272569656934,
    0.5333443553758316,
    0.10168178251343639,
    0.4408479240071356,
    0.09732582892628108,
    0.34984097354664667,
    0.1575364257094319,
    0.3314110881786612,
    0.6692519515705042,
    0.38885388001030763,
    0.7011935400895275,
    0.6293347804487975,
    0.3857936743838172,
    0.30898590004275883,
    0.3255415113153808,
    0.2507630101447098,
    0.6298473804072678,
    0.5347127789664625,
    0.07134512834234406,
    0.3712752011284661,
    0.7707640225325147,
    0.08909911891053696,
    0.5219265022314458,
    0.2062932030012287,
    0.2815074910582757,
    0.343592674037479,
    0.3418531476704776,
    0.3184351559648734,
    0.20447852795512644,
    0.3434488065177639,
    0.6628215095518145,
    1.1361733793209743,
    1.0351802430716035,
    0.6735728969155865,
    0.8594089539864694,
    0.9024893464001482,
    0.08720409482378993,
    0.7313466269535377,
    0.5859596188797213,
    0.7160495689099435,
    0.853554580219072,
    0.17833423565154416,
    0.5675477139020699,
    0.5351799434737755,
    0.21399639142607044,
    0.4387618492448253,
    0.615344412495642,
    0.5902776406367966,
    0.7579582535052639,
    0.2801037484184813,
    0.7897721669776214,
    0.2783394516447064,
    0.6337279302021813,
    0.5498562686083523,
    0.26874174961860675,
    0.5215711939688573,
    0.42276618334750565,
    0.7412466772506692,
    0.6497498694164048,
    0.08191634237761261,
    0.09731521413388335,
    0.5628617925716368,
    0.06048342437534321,
    0.20312460529751336,
    0.786009038851419,
    0.874198359150981,
    0.3337165052478756,
    0.3630244874715102,
    0.5279150368989152,
    0.8759549691676398,
    0.756324180703799,
    0.2354896711931478,
    0.2657330959328662,
    0.08973248261877023,
    0.21796131457524043,
    0.5374815827398841,
    0.29029520852900936,
    0.5095573156273495,
    0.20272137894090042,
    0.3039680902175611,
    0.2417780773742751
  ],
  "configuration": {
    "step_size": 0.01,
    "swarm_size": 100,
    "lambda_cognitive": 0.8,
    "lambda_efficiency": 0.7,
    "w_temporal": 0.3,
    "w_symbolic": 0.4,
    "w_neural": 0.5,
    "w_cross": 0.2,
    "koopman_dim": 10,
    "cognitive_dim": 8,
    "chaos_parameter": 1.5
  },
  "visualization_path": "outputs/swarm_koopman_cognitive_integration.png",
  "timestamp": "2025-08-15T23:50:03.658545"
}