{
  "theorem_validation": {
    "theorem_validation": {
      "expected_confidence": 0.7630725055605885,
      "expected_error": 0.010000010000000002,
      "theorem_satisfied": "False",
      "confidence_lower_bound": 0.98999999,
      "actual_vs_bound_ratio": 0.7707795378675212
    },
    "stability_metrics": {
      "confidence_stability": 0.9933050895141254,
      "error_consistency": 0.9999999999999998,
      "contemplative_progression": 0.00016204609980354702
    },
    "contemplative_analysis": {
      "final_contemplative_score": 0.8645049614067474,
      "contemplative_improvement": 0.015566031704372763,
      "peak_contemplative_score": 0.8645049614067474
    }
  },
  "trajectory_length": 100,
  "cognitive_distances": [
    0.7110098863094326,
    0.14894831625061816,
    0.1717292403679896,
    0.24436148803897148,
    0.6589219865986661,
    0.15514285946228235,
    0.32554117728166465,
    0.5276439705450661,
    0.5079129177399462,
    0.23277406713680032,
    0.44214796687938773,
    0.22150279011928467,
    0.37851606409007466,
    0.34421273012214826,
    0.10401082909821113,
    0.47229914239065246,
    0.3092281708256843,
    0.7779198689973046,
    0.08227808703467482,
    0.6826158353370281,
    0.6696552238060873,
    0.3554728571571467,
    0.23275771345901064,
    0.34671465257988293,
    0.4531659921019259,
    0.16904390738508715,
    0.4454644695637157,
    1.0306176151253335,
    0.7103792460129802,
    0.8005937907684431,
    0.7128424915704554,
    0.6609079354985812,
    0.08313220409105115,
    0.44357898256382616,
    0.35993297447689593,
    0.14057488152716957,
    0.5288988787394668,
    0.24544440134593115,
    0.738896383797312,
    0.687024950485093,
    1.0331177786422194,
    0.3206487175221466,
    0.060919451481684164,
    0.8467196992833526,
    0.45796241475900434,
    0.8209049899011265,
    0.3306485831216719,
    0.1917294491058856,
    0.481943921146051,
    0.5473922584742659,
    0.3484851827838623,
    0.43799441666117644,
    0.6723266997016962,
    0.5674760357694932,
    0.16589331309314312,
    0.26328085455702205,
    0.34097629551050584,
    0.0932181533728003,
    0.4823041716850701,
    0.6832550567208568,
    0.8440922047080792,
    0.7020510763208221,
    0.27486073380005205,
    0.5088873105876063,
    0.18293502223108105,
    0.8780594453433714,
    0.15556463682902508,
    0.24737485955874663,
    0.24431883561284187,
    0.10347607952888471,
    0.706573200748628,
    0.34437625569200014,
    0.468043541832876,
    0.32997622746028293,
    0.08830348560603672,
    0.8132443726093534,
    1.0405312582720312,
    0.45337727708888387,
    0.8821528555031272,
    0.6399367264734749,
    0.4875970118440394,
    0.12636764660520813,
    0.018023662107250413,
    0.9453252627878832,
    0.14027151416015282,
    0.28947504800835766,
    0.5963248916865009,
    0.43309441760976486,
    0.38968752178708177,
    0.2934032697599176,
    0.4032588193326547,
    0.23573469728032811,
    0.7443625324473772,
    0.2202836099704888,
    0.2887966770756606,
    0.5849115416437356,
    0.459743655122106,
    0.9245117349346157,
    0.4657746792704565
  ],
  "configuration": {
    "step_size": 0.01,
    "swarm_size": 100,
    "lambda_cognitive": 0.8,
    "lambda_efficiency": 0.7,
    "w_temporal": 0.3,
    "w_symbolic": 0.4,
    "w_neural": 0.5,
    "w_cross": 0.2,
    "koopman_dim": 10,
    "cognitive_dim": 8,
    "chaos_parameter": 1.5
  },
  "visualization_path": "outputs/swarm_koopman_cognitive_integration.png",
  "timestamp": "2025-08-15T11:06:45.963295"
}