{
  "analysis": {
    "hierarchical_bayesian": {
      "bounds_satisfied": true,
      "mean_psi": 0.03656210783978441,
      "psi_stability": 0.9962831995992143
    },
    "swarm_koopman": {
      "theorem_satisfied": "False",
      "expected_confidence": 0.9865362204977792,
      "expected_error": 0.005000000625,
      "confidence_error_ratio": 0.99149269309022
    },
    "lstm_convergence": {
      "theorem_satisfied": "False",
      "final_error": 0.1414213562373095,
      "convergence_rate": 0.1,
      "confidence": 0.8585786437626907
    },
    "contemplative_integration": {
      "final_score": 0.6879216308611067,
      "insight_quality": "interpretive_contextual",
      "score_progression": 0.0009906781899430284,
      "mean_impermanence": 0.05000000624999999
    },
    "cognitive_memory": {
      "mean_distance": 0.007030806792556,
      "distance_variance": 0.0008065212374165771
    },
    "unified_performance": {
      "all_theorems_satisfied": "False",
      "overall_confidence": 0.8443454983738589,
      "framework_coherence": 0.877676371574651
    }
  },
  "configuration": {
    "feature_dim": 8,
    "step_size": 0.005,
    "swarm_size": 200,
    "sequence_length": 100,
    "lstm_dim": 64,
    "sigma_0": 1.0,
    "sigma_1": 1.0,
    "chaos_parameter": 1.2,
    "contemplative_weight": 0.3
  },
  "state_count": 50,
  "timestamp": "2025-08-15T11:14:07.810043"
}